embeddings,0,1,2,3,4,5,6,7,8,9,10,11,12,13,14,15,16,17,18,19,20,21,22,23,24,25,26,27,28,29,30,31,32,33,34,35,36,37,38,39,40,41,42,43,44,45,46,47,48,49,50,51,52,53,54,55,56,57,58,59,60,61,62,63,64,65,66,67,68,69,70,71,72,73,74,75,76,77,78,79,80,81,82,83,84,85,86,87,88,89,90,91,92,93,94,95,96,97,98,99,100,101,102,103,104,105,106,107,108,109,110,111,112,113,114,115,116,117,118,119,120,121,122,123,124,125,126,127,128,129,130,131,132,133,134,135,136,137,138,139,140,141,142,143,144,145,146,147,148,149,150,151,152,153,154,155,156,157,158,159,160,161,162,163,164,165,166,167,168,169,170,171,172,173,174,175,176,177,178,179,180,181,182,183,184,185,186,187,188,189,190,191,192,193,194,195,196,197,198,199,200,201,202,203,204,205,206,207,208,209,210,211,212,213,214,215,216,217,218,219,220,221,222,223,224,225,226,227,228,229,230,231,232,233,234,235,236,237,238,239,240,241,242,243,244,245,246,247,248,249,250,251,252,253,254,255,256,257,258,259,260,261,262,263,264,265,266,267,268,269,270,271,272,273,274,275,276,277,278,279,280,281,282,283,284,285,286,287,288,289,290,291,292,293,294,295,296,297,298,299
0,-1.2423,0.32843,-3.194,4.2344,0.13841,-3.5,2.0891,0.95041,0.79001,2.5618,-2.8607,-0.09578,-2.3686,-0.38039,-4.8654,0.92033,-1.9153,-2.35,-0.0081634,1.4184,-0.63058,3.6464,-0.99656,1.0677,-0.97631,2.7509,-1.2215,2.7033,-2.2331,-1.9717,0.43841,-1.4252,0.38801,-1.196,0.55689,2.0861,4.29,-0.82867,1.0505,-4.4405,-3.2868,2.2527,0.72325,-0.12116,-2.4157,3.1513,-2.1931,3.1918,-1.8516,2.4253,1.822,-2.2274,-4.4551,1.5438,0.96919,2.1763,-2.8424,-1.7889,1.5461,-2.7354,0.53426,6.3048,-1.1768,1.0172,1.0559,2.7653,-1.1469,1.8934,4.8473,1.8164,0.42747,-1.2177,-1.9742,1.9967,-0.53302,1.5554,-1.0178,-2.856,-2.173,0.18425,-4.1755,0.83362,-2.3792,-1.9921,-3.148,-0.75616,0.40067,-1.1207,-3.6238,1.8695,-0.77476,-1.1479,-1.4341,-1.0721,0.20292,-0.21586,1.8485,-4.2515,-0.015016,0.54612,-3.4665,-1.2729,4.9172,-3.5161,-2.0203,1.3752,-2.9172,-3.9195,1.8349,2.1217,-0.8217,3.3383,-0.3698,0.29842,1.5784,-0.47626,-2.6022,2.5645,2.0121,3.3086,2.114,6.604,-3.8122,-1.8928,-0.76491,-0.52321,-2.941,1.529,-0.31685,-3.9853,2.8524,-0.36461,-0.6692,0.91588,0.69928,2.2487,1.762,1.6127,3.3284,1.3177,-2.2199,0.1241,0.81476,3.1325,1.005,1.5546,5.5882,-2.6347,-1.4119,-2.1602,3.2257,1.3885,1.9799,3.7823,0.052402,1.1593,1.4802,-0.69354,1.3341,-2.334,-0.90498,-1.0481,2.2715,0.36045,2.6864,-1.7687,1.903,-0.73098,1.6829,1.7379,3.2012,1.1773,3.461,0.65879,-0.15585,2.5809,5.2399,0.72629,-3.5644,-2.5485,2.6912,1.6016,0.17097,1.4464,-0.42243,8.0436,-2.4354,0.12052,2.383,-3.1992,2.1877,0.73225,-0.090677,-2.0948,2.1825,0.93841,4.0516,0.97237,1.597,1.4057,2.0903,-0.61225,-3.4023,0.10736,-2.2547,1.0246,0.46544,-1.8954,-3.7017,-0.81292,2.5622,-1.9873,4.5091,1.7455,-0.049129,-0.05892,1.0017,-3.5341,3.9794,-0.076795,1.9763,-4.2125,2.924,0.46045,0.13471,1.9387,5.1405,0.59068,2.9976,3.2408,-0.51929,2.236,1.0664,0.52545,1.3236,-1.8456,0.99187,-1.033,-3.8457,-1.5101,-4.1057,-0.039749,-0.50844,1.1253,-2.9246,1.1301,0.19299,6.0585,1.4435,1.0894,-3.5515,3.9223,3.6323,-0.56404,-4.6572,2.1156,-0.25966,-0.46967,0.58436,-2.583,-1.1336,-4.5251,-0.31958,-1.3648,3.7006,3.3501,1.8074,1.9801,1.0979,0.79397,-2.9909,-2.1373,0.19374,3.2138,0.9686,0.87229,-3.1243,-1.0832,-1.2725,-2.2812,-0.6895,-1.9254,0.89769,-0.19266,2.4744,1.5816,3.203,-1.3745,-0.0050482,-1.0733,2.5954,1.2197,3.5802,-0.4753,0.57578,0.53467,1.1085,-1.6277,-1.3951,0.47815
1,-1.8943,-0.64529,-3.5113,2.2504,-0.10341,-1.1106,2.9777,1.9749,-1.029,1.5952,-0.64546,-1.9824,-2.264,2.4654,0.34787,1.2193,-1.8552,1.2679,-0.064183,1.3843,0.70608,3.9143,-1.0977,-0.36041,-1.1871,1.7332,-1.6375,0.42203,-1.1737,-1.2895,0.35138,-1.5584,-2.5437,-1.261,0.47559,0.24567,6.0051,-1.5984,0.55223,-2.4231,-0.8172,2.7127,0.6321,0.45454,-1.6492,3.1293,-1.8163,2.6028,-2.8065,1.3076,0.91282,-1.1274,-3.7009,2.2301,2.1846,0.97095,0.39377,-1.418,2.4739,-0.26454,1.545,4.7102,-2.6929,1.4551,0.81265,0.95508,-1.6782,2.5829,2.832,0.7596,0.48803,-0.78991,-1.9124,-0.035055,-2.807,-0.74781,-1.5324,-3.6981,0.58953,1.0638,-2.4696,2.4417,-1.4282,-0.68621,-3.8606,-0.65944,1.2215,-0.60995,-1.1291,0.85212,-1.6162,-1.2861,-0.35589,-2.3081,-0.32728,0.0069778,2.1152,-1.9456,0.074009,-0.2416,-4.1033,-1.3454,3.2179,-3,0.30185,0.10127,-1.051,-1.4714,3.0621,3.1202,-0.8869,4.0603,0.79857,3.3362,1.14,0.18647,-1.4478,2.0459,2.0902,3.4629,1.3675,5.1761,-1.506,-2.4226,-2.3761,-0.50375,-3.1823,-2.1035,-0.6509,-2.0302,1.0409,-1.2802,-0.36481,-1.7506,-1.7391,0.2151,2.4019,2.4642,3.5264,1.6071,-2.6765,-0.49187,1.2097,0.14072,-1.3273,2.6946,3.9214,-2.5817,-0.35475,-0.53422,1.1824,0.54862,1.5976,2.0322,-2.6582,-2.2279,2.7582,0.3808,1.5883,-1.8361,1.891,-1.6846,0.91881,1.8868,0.7995,-2.2485,0.85363,-0.99238,0.94741,1.6364,3.3022,-0.83907,2.8711,-0.083618,-0.89233,1.2446,4.6965,-0.5592,-2.6813,-4.144,1.6993,3.5591,0.085086,1.3647,-1.7709,7.3916,-2.5244,0.68407,2.6034,-2.7902,3.5191,0.023024,0.40467,-1.0356,0.64925,0.90519,0.039559,1.3124,1.8345,1.8962,3.3384,1.2096,-2.8217,0.4472,-3.7231,1.118,1.6215,-2.0207,-2.6257,-0.038794,0.71542,-0.65682,1.3854,2.4632,-0.42499,0.13653,2.1416,-2.6379,0.92056,-0.23741,0.36683,-0.8718,1.6079,-0.076895,-0.35313,0.19935,4.9808,-1.37,5.4393,1.4026,-2.7579,0.14712,1.6867,0.29167,1.3716,-2.1469,1.4136,-0.60042,-3.9009,-1.5605,-2.9662,-1.5747,0.26763,-0.98341,-0.4521,-0.062527,-0.22361,1.2375,1.93,0.75132,-1.9239,1.7476,3.3006,0.17251,-2.94,0.75862,0.81833,-0.40877,1.0236,-3.4288,0.51825,-2.1107,0.15631,-2.4001,4.1767,1.5914,1.322,0.67944,-0.51256,0.26157,-3.1525,-4.1674,-0.36816,2.1199,1.0744,-0.99064,-1.151,-1.374,-0.79695,-1.4551,1.1107,-1.5725,-0.21979,0.93055,0.58093,2.6653,0.16792,-0.89006,0.28381,-1.6573,1.8843,0.93921,4.0548,-1.0239,-0.46382,1.4509,0.17753,-0.24628,0.20331,1.29
2,-1.122,2.5493,-6.4934,5.1244,1.8322,-2.4903,1.7885,0.28059,-0.6473,2.7094,-1.7041,0.12659,-2.1201,1.7909,-3.4064,-1.5044,-2.3428,-0.21746,-0.51735,-0.87518,-1.8803,4.1981,-0.57839,-0.75715,-3.2789,0.094055,-2.5323,3.5364,-1.1887,-0.32185,0.83655,-2.5367,-1.5664,-1.6144,0.96499,1.101,5.7738,-1.4313,1.6498,-1.4691,-1.2193,4.6139,1.1892,0.95094,0.28716,5.3983,-2.1434,1.9556,-2.588,3.8573,1.706,-1.4814,-3.8649,3.3019,1.1959,2.1542,-0.88526,-2.5411,-0.2668,-2.5881,1.697,5.5959,-4.8047,-1.3409,0.88701,2.4658,-2.609,1.9621,3.1595,2.8576,-0.74223,-0.89093,-4.2198,3.4845,-1.988,1.8015,-1.7093,-3.737,-2.9994,0.74645,-5.3243,1.5403,-0.60917,-4.2911,-2.9025,-1.7992,-0.8596,0.21249,-3.7441,0.28825,-0.88344,-2.254,-1.3114,-2.6239,0.14179,-1.3166,2.6839,-1.4652,-0.83398,2.9815,-4.0996,-2.8034,3.9212,-2.2096,-0.87033,1.7632,-2.8293,-2.144,2.2181,2.7939,-3.6677,5.0149,-0.79786,2.0267,-0.1555,0.12539,-2.2854,1.7482,0.88181,4.9972,3.4045,6.2988,-2.4562,-0.41591,-1.8707,-2.8566,-3.9587,0.08361,-2.1874,-2.5128,3.8934,-0.45989,-0.082235,0.67877,-0.16172,1.5006,3.0004,2.9907,3.9425,3.0808,-2.2809,-1.0965,-0.55863,1.0862,-2.4945,-0.0015425,5.6565,-2.087,0.11066,-1.2479,4.0543,-0.60213,-0.53165,3.5236,-1.9206,1.6709,1.2394,0.50941,3.7742,-2.5508,-0.50954,-2.0542,1.1629,1.821,2.4256,-3.0941,2.8343,-0.2542,0.6906,0.59896,1.784,0.9476,2.8348,-0.27728,0.64667,4.4519,4.7255,-0.99693,-5.1451,-2.0515,2.8238,2.2864,-0.86283,0.97159,-0.4185,8.5407,-1.5291,1.0881,2.1247,-4.0368,3.1599,1.4262,0.41397,-1.8739,2.0356,2.9822,1.5995,-0.69884,1.3198,0.92781,4.842,2.0718,-5.3633,-0.47037,-2.0025,0.71227,1.6302,-1.3304,-1.6301,0.92339,1.2812,-2.1767,3.3847,2.6614,-0.89659,-0.3342,1.2194,-2.9878,3.2775,-1.5613,0.30171,-3.9471,1.941,0.83132,0.21692,0.93135,7.3327,-1.6191,5.4914,1.9914,-3.0784,1.3881,-1.5109,2.6814,0.041593,-3.7304,2.3987,-0.13929,-4.45,-1.5211,-5.2136,0.40236,-0.50133,-0.096171,-3.9962,0.26384,0.29978,3.2868,2.6498,0.94902,-2.5184,1.526,2.8469,-0.35854,-3.2803,2.3363,-0.56372,-1.8674,1.3576,-1.5291,-1.4955,-4.8288,1.019,-1.4444,3.4142,2.5302,1.64,-1.2125,0.034562,-0.96021,-5.5353,-3.1208,0.59937,3.9008,1.6573,-0.10828,-1.2077,0.13008,-1.8282,-2.2147,-0.50857,-1.5127,-0.23297,0.44002,1.3732,1.5556,0.93295,-1.888,0.46196,-1.9693,2.7558,1.6251,4.6096,-1.1334,-0.95527,0.79511,2.7323,-0.16591,-1.4546,2.6422
3,-1.9511431,0.5283354,-2.113523,-0.39931482,-1.6606828,-2.7370486,2.553009,4.246303,2.5633824,0.33786348,-2.6815474,-1.9014821,-1.9709228,-1.4292377,-0.35236865,-3.0708249,-2.051287,-0.78745955,-2.5908563,0.9978405,-0.13853525,2.7986536,-0.99040765,-1.0188249,0.6646163,4.2020817,-1.7185574,-2.2262397,0.8103682,-0.28653115,1.8218763,-2.2222123,-3.005688,-1.1505206,1.006162,2.012017,5.8711615,-1.0358064,0.40786898,-4.5651374,-3.328425,0.8984916,1.0305198,-2.150048,-3.812011,1.8814541,1.7256688,3.2175965,-3.8546124,0.6508273,0.70613396,-0.88949233,-4.4004636,0.62872314,2.5872653,1.7991436,-1.8423266,0.10425548,0.42866462,-1.3610369,1.5411408,4.111703,-1.211945,2.619242,0.04010976,-0.91766053,-1.7563101,2.7467356,2.6842427,1.9603691,-1.7536284,-0.4327872,-1.2333748,-1.9795095,0.5632394,3.5287645,0.77452284,-0.7038011,-1.3928034,0.09432244,-4.3480554,-2.1997304,-1.0139475,-1.1329806,-1.0336944,-0.29489273,2.6285648,-0.09645617,-1.5054247,0.58648014,0.63763547,-0.9582711,-3.1334956,-3.1283863,-0.27665824,-2.1126237,1.6979536,-1.208733,-0.9278014,0.14236781,-4.1869082,-0.36625737,3.0568616,-2.6494994,0.657418,1.8178467,-2.704457,-4.0735683,-1.4599136,2.001472,-1.4792958,3.6899965,2.2320037,1.9729396,3.7257426,-2.9361427,-2.282181,-0.06325575,0.81333524,1.3143346,1.3050067,3.463623,-2.3396688,-1.1141953,-0.2085439,0.5677474,0.17059526,-0.382457,-1.9241729,-2.5638196,3.377556,-1.7857738,-1.2666076,-0.5787973,0.52151555,0.36531505,-1.210812,0.8295913,-0.041612923,-1.6572067,-2.9861155,0.184945,0.8533679,0.014117301,-0.7311244,0.5531479,3.8805122,-1.1399573,-0.08108604,-3.581838,-0.16489473,1.4852246,2.1910906,1.4856343,1.5476345,0.6795918,3.6011193,1.4742856,1.4721699,-3.0304115,0.60768354,0.32343847,0.552697,-1.2450788,1.4273565,-3.2056928,-1.2557058,0.9732323,0.77341497,1.0054703,5.3034673,2.4933724,0.9129003,-0.19872466,0.53052485,2.4629178,3.0097208,1.8127893,0.69862914,-1.2154934,4.1533422,0.4796466,-1.4724077,-0.58281845,1.6963856,3.3766198,-2.4132278,0.3871621,2.1480162,-1.7169743,3.17869,0.6197962,-0.48121646,-0.42335427,-0.34742543,0.2708628,2.1318483,1.2908496,0.90785795,-0.1276673,0.026212145,0.21505198,-1.0974944,0.2530191,-3.381151,0.84411484,1.3197645,-4.431617,-0.54644704,1.9261345,1.5957674,0.79177094,3.0183406,2.4360752,-1.1557063,1.083907,1.6801674,-1.3702319,3.9624429,-0.19254947,3.9941835,-3.0721908,1.807515,0.84171927,-0.24632326,-0.84832346,3.757336,-0.128652,2.0632334,2.5284457,-1.672241,-1.511991,0.779626,0.95224696,4.209904,1.0993775,-1.4851342,-0.66304386,-0.77838975,0.05934994,-3.6809192,-2.0252972,-0.47720325,-0.5578029,-0.42335603,0.9494554,1.6178602,4.2851686,0.28061953,1.1952877,-0.46198618,2.4448678,2.6002083,0.9284289,0.26488924,1.4870675,-1.2273202,-0.7056456,0.35991544,-4.6231265,-2.3778145,-1.042147,1.1808395,-2.227059,0.43750274,1.5798426,1.3967209,-0.21722622,-1.2005333,1.5221496,0.8287059,-0.93090343,1.9393824,3.0100636,-1.6087826,1.6666846,-0.82073575,-1.4505361,-0.85109955,1.1458639,-1.5653802,0.7961737,-2.011809,0.35133868,0.35942417,1.9242188,2.5942466,-3.208364,-1.8288647,-1.1145412,2.115196,-2.0013487,2.9695182,0.11825284,0.4379721,-0.03870567,-3.0932174,-0.8071804,-0.88757116,-1.5792176
4,-2.2676368,1.2059463,-1.6899763,-0.8109941,-1.0878433,-3.6739197,3.729321,3.142968,2.5975919,1.1016583,-1.9445131,-1.0058224,-2.4986334,-1.541411,-0.8363943,-2.7699275,-2.0450027,-1.7819455,-3.1437972,2.2740219,0.18232587,2.859056,-0.46715385,0.25741974,2.3507311,4.4581685,-2.2554014,-2.6092818,1.2342368,-1.6552199,1.9321316,-3.6603048,-2.86902,0.21809012,1.407064,1.5578097,5.737201,-1.0440149,0.2611787,-2.4410973,-4.2220125,0.000552282,0.58636814,-2.3413155,-5.8386993,0.07720284,0.47099024,2.7799659,-3.9888105,-0.6844192,0.55330145,-1.4785346,-5.9808445,0.63656354,1.7011158,2.52072,-2.83786,-0.002261955,1.4522358,-0.27663016,1.3008282,4.9252567,-0.26295936,2.3844023,0.4864229,-0.15727237,-0.048872333,1.7227626,5.086292,-0.051451635,-2.2775252,-0.61879855,-0.38634843,-0.88780916,0.7284146,3.5324998,-0.044270292,0.1721635,-3.1722567,1.0396814,-4.2537947,-2.0865297,-0.1491009,-0.6354257,0.11322288,-0.8271132,3.3231137,-1.6102778,-1.3461995,-0.74950016,1.19667,-1.9103193,-3.4465337,-3.749215,-2.119464,0.14457585,1.3425548,-1.364613,-1.7858536,-0.012934357,-4.104601,-1.2131535,3.9523935,-4.4662986,0.5941882,1.2504723,-4.503245,-4.4660234,-0.7934021,3.2282252,-1.5576121,3.1782796,3.8318093,2.6382315,5.3521223,-2.5288513,-1.8066502,0.31290662,-0.54869884,2.2882097,0.48490107,4.3551393,-1.9389932,-0.0997198,0.8160306,1.0731269,-0.032682963,0.4154719,-3.2128005,-3.182363,2.3041985,-2.0514657,-1.8672051,-2.0208802,0.9119944,1.0206431,-2.0946372,2.6152449,0.07863879,-1.2181039,-2.3156095,1.0536866,2.385874,1.0765213,1.3726413,0.051035874,4.787717,0.26042557,-0.93792546,-4.7389555,-0.8306549,1.1236144,2.3705442,2.375092,2.8511972,0.68794024,5.3186054,2.2332468,0.14775041,-2.4287312,0.085418604,2.4889562,1.5058496,-1.0710819,2.3769784,-2.199341,-0.113447234,2.15021,1.9588469,1.4872023,5.563471,2.1298623,1.6502818,-0.12999861,-0.43647408,2.5918314,3.1242225,2.0411396,0.7492036,-1.749504,5.2401175,-0.10217996,-1.6077089,-1.9000216,0.95276535,3.0988314,-4.5935545,1.2663054,0.9897465,-2.8203914,2.6676114,0.80830336,-0.04117405,-0.82782567,1.0124434,-0.27726296,1.2563756,0.4978752,2.1606503,-0.18758608,-0.8164308,0.84106356,-2.710593,2.08677,-3.1941566,2.5429156,0.17046288,-4.0325017,-0.7911901,0.90680593,2.036852,0.91801065,3.7188673,0.90235907,-0.6830544,0.23939243,3.7260814,-2.4939597,5.114783,-1.0527048,3.7177582,-2.938548,3.062271,1.738479,-0.04632107,-0.55241555,3.869372,0.25726125,2.6241205,2.6243,-0.7572927,-0.2574324,2.2436695,2.0198085,3.8013394,2.1059017,-1.7794508,-1.0272313,-3.4924376,-1.075594,-2.6083739,-1.8391685,-1.7899843,-0.39479184,-0.025906928,2.0112245,1.2940749,4.9331956,0.12642859,-0.44415927,-0.26004958,3.1215062,2.3242843,0.81448144,0.4705952,1.5225207,-2.5078087,2.59579,0.36858246,-4.9804544,-3.1972075,-1.7305232,0.5314637,-1.637469,1.4386151,2.3436983,1.3790348,0.9312291,0.018446468,2.4013252,0.084024936,-2.2439675,4.5415645,2.8990574,-2.676449,2.161798,-1.6616069,-2.6399167,-0.06423891,0.49050516,-2.8015301,0.92612016,-3.1325185,-0.028640417,0.017115489,0.6224591,1.4834689,-2.1619933,-2.061177,-1.3877907,3.0505834,-3.1879694,2.185433,0.10130194,1.0124159,-0.03790461,-2.8737042,-1.4734644,-0.68212056,0.24327756
5,-3.0613434,-0.69674635,-2.5014062,-1.2825956,-1.4909068,-2.3964694,3.2172093,3.3500867,2.7288013,1.4274074,-1.3785253,-0.30702886,-0.97387767,-0.07433596,-0.674871,-3.0069938,-2.8718026,-0.11017088,-1.1744838,1.6148913,-0.23102614,2.7792978,-1.2693672,0.06441987,1.6433077,3.7088947,-1.4113486,-1.3226972,1.7501477,-1.8215575,1.2315651,-1.609226,-2.6539931,-0.8919804,-0.46138346,2.244186,6.522259,-1.0575017,0.77684647,-5.6105437,-3.273478,1.7573596,-0.3546664,-1.9440668,-5.1398535,0.85409147,0.059494466,2.036602,-3.704272,-0.29924792,1.2028025,-1.0197126,-4.515934,1.3381065,2.7697604,1.345928,-2.3333664,-0.28690615,0.55874234,-1.9127337,1.100264,4.952794,-0.05316001,1.8643855,0.55334103,-0.84468645,-1.6157227,2.8461983,4.32835,0.7644813,-2.2809658,-0.16798249,-1.0664883,-1.6527779,0.62518317,2.5815177,-0.04885172,-1.7636241,-1.056217,0.28701425,-4.0713573,-0.85271484,-0.74108267,-0.25821665,-1.3926817,-0.4105329,2.2725527,0.17682754,-1.2517246,0.6602385,-0.052309882,-1.1946748,-2.9273992,-2.4104733,-1.2544001,-1.1559681,1.8024569,-0.8554593,-0.33020246,-0.82828647,-3.1657004,0.36060247,2.9100232,-1.2939714,1.081389,1.3211538,-3.0774229,-4.262814,-0.4401415,2.8291953,-0.006204039,2.2178097,2.6259234,2.1406286,3.993839,-3.1158915,-2.5359647,-0.4413795,2.310192,1.6968701,0.9006679,4.252972,-2.3734705,-0.7777652,0.32018128,0.16558999,0.18670842,-1.0338873,-3.1727068,-2.853104,3.5955489,-1.7764966,-1.2400073,-0.37418962,0.013877265,0.33645976,-1.0707088,1.1954366,-0.24343812,-1.674787,-3.4787745,-0.089861915,0.12241688,1.4438552,-0.06823532,0.43193334,5.814357,-1.8051158,-0.62150174,-3.9033937,-0.042132296,1.0763538,2.6937377,1.5041053,0.47022486,0.07795352,3.0972998,2.3520439,-0.27912495,-1.9207357,1.7727385,1.0476705,1.707908,-0.7677037,1.1151716,-2.4794023,-0.7911418,0.5177702,2.4234767,1.0471492,3.9565747,2.3117294,1.5754685,0.48572907,1.4133086,2.1608753,3.0448146,1.9165921,2.0909047,-3.0281887,4.4813876,0.30637494,-0.7388087,-0.64239645,0.1268799,4.094291,-2.673418,1.3709644,2.3017273,-1.6902459,4.324142,-0.77132887,0.004780326,-0.025714375,0.2275466,-0.6817478,1.4295043,1.4794747,-0.67464036,-0.40386188,-1.2353085,-0.25709304,-2.2041247,0.95254385,-2.4357877,1.7944527,1.3975574,-3.201856,-0.75555366,1.5016308,2.0392585,-0.11438088,2.8169389,1.9035525,-1.2150985,1.0321525,2.8262873,-1.4719371,4.630099,0.23592225,3.0069225,-2.5983796,0.8016161,0.85006475,-0.67361945,-1.7245382,2.638078,-0.4174575,1.9969959,2.0020351,-2.0334222,-1.3019822,3.7546031,1.7500067,3.121285,1.9705538,-1.4643755,-1.2866503,-2.0062935,-1.7105236,-3.6870008,-2.2986245,-0.7339809,-0.032998636,-1.3826207,0.08380845,0.8862212,4.3292804,-0.5311116,-0.08465338,0.23436667,2.3419476,2.982755,0.70303404,-0.05837433,1.0724545,-1.8417237,0.04808697,0.43749365,-4.78984,-2.7682004,-2.1518042,0.5947963,-2.101803,1.7408762,1.1364136,1.285855,0.10492776,-0.3977117,1.8845898,0.6614039,-1.9853609,2.3297439,3.4559593,-1.8884621,2.042539,-0.7551679,-1.3405814,0.45968494,1.7233199,-1.7670279,-0.3120306,-1.6945525,0.02953425,0.6745337,0.32464248,2.2422059,-3.9321718,-1.678331,-0.21421534,2.2478034,-1.5585047,2.844655,-0.122082174,0.37707505,-1.906753,-2.9096272,-0.82390183,-0.29040465,-1.8144443
6,-2.394991,-0.20390114,-2.8570824,0.34815112,-2.5890126,-1.7433367,2.5922143,2.1437323,0.14840782,2.0305943,-2.3133638,-1.8234696,-2.1244693,0.20419806,-2.2210286,-2.4336207,-3.012828,-0.058887832,-2.6255498,2.4691708,-0.04073753,2.9474573,-3.9752512,0.114777766,0.26394007,2.8097095,-1.3955672,-2.1489055,-2.6375756,-1.6120727,1.767991,-2.8034227,-3.3921282,-1.9674267,1.269552,3.1967056,6.163127,-0.86630553,0.40796712,-5.8038745,-3.0686738,1.1984059,-1.08472,-1.4493307,-3.7791884,1.2121301,0.13168135,2.3942986,-2.6338255,0.47677967,0.38942128,-1.777616,-4.2400064,2.6644704,2.5119238,1.5593866,-2.2855854,-2.0742385,0.5064396,-2.3725076,1.5677931,3.9785047,-2.245021,2.911789,-1.7446697,-0.47836715,-1.547844,3.8229582,4.683913,1.9279817,0.34109056,-1.7678118,-1.2216146,0.47577098,-0.521605,2.9126637,-1.2212297,-1.0221561,-1.933506,1.262249,-3.1044855,1.2107484,-0.90499425,-1.1677974,-3.0768468,0.8948771,1.8095539,0.0925353,-1.3929932,0.7651014,-1.4133718,-2.0798445,-1.187121,-3.0785594,0.5879215,-1.3694227,2.5431154,-2.944057,-1.3968265,-0.05707261,-5.1921735,-0.48066127,3.9625168,-0.3826604,-1.7180811,1.5761895,-2.6860352,-4.220823,-1.0049123,3.7308455,-1.8440963,3.7567227,2.6286259,2.4184294,4.314061,-1.0497379,-2.6102684,0.6461907,0.4332899,1.8159955,0.7099138,8.257582,-2.7995768,-1.0972024,-1.6366044,-0.34372574,-1.2321588,1.1271752,-1.4130025,-1.4926496,3.7981234,-3.1628587,-0.3643429,-3.3184268,0.24512026,2.8245258,1.0451308,2.2780526,2.8057604,-1.5052184,-4.563495,1.0372126,-0.7835868,0.8825579,0.8669844,0.13890445,5.2895823,0.38608637,1.9948802,-3.8353992,2.532708,0.9976324,2.3563542,1.6316614,-0.8862418,-0.0935348,4.023652,2.284873,2.199751,-1.7810951,2.3479931,-0.6564741,3.034537,0.5189555,1.5231127,-2.057353,-0.9434975,-1.910928,0.96023065,1.3768339,3.7521498,1.5009853,3.4920805,-1.1398593,0.24628824,1.5250236,6.490409,1.5602373,-1.3477521,-2.7125406,4.8524256,0.85942674,-0.93631834,1.3153365,-0.32762638,4.8888717,-3.065519,0.5327841,2.750011,-2.6503808,2.973492,0.074088655,0.7731782,-1.6872505,1.9132758,0.7851272,2.6532676,1.2963789,2.245957,1.6048155,0.19108936,0.9315982,-3.4444325,0.9509896,-3.4707322,0.82554144,0.30969468,-3.4806812,-1.1394523,-0.40377742,0.87122196,-0.57448745,3.3949816,2.4616618,0.055316977,-0.4022091,2.0448282,-3.504443,3.6981387,-1.3156209,1.8036987,-1.8599862,2.134102,0.26435193,-1.0463767,0.266096,4.072348,1.406091,5.672165,2.2321694,-2.9783459,2.3447,0.44125146,0.17814344,3.4112616,0.002764007,-1.992329,-1.2089772,-1.9849138,-1.54914,-3.4441543,-1.3671049,-2.0887668,1.4026527,-0.5757189,0.6346941,1.7931908,5.828533,-0.49172556,1.3459628,0.83135104,4.1344624,1.5390424,-1.7109917,-1.8050654,0.33373922,-1.4817536,-1.0677037,1.6751456,-4.8855777,-0.90219545,-1.714028,-0.4472143,-1.2648323,2.6278362,3.3415835,1.6256692,-0.3107801,-0.38862425,0.58160067,-0.71649235,-2.4377437,1.6025087,2.7257538,-0.7981877,2.512076,-2.5130646,-2.1171067,-0.92099077,-1.1369365,-1.8601655,-1.2139579,-1.2160516,0.32800534,0.96467143,2.359596,3.0383189,-3.3149571,-2.4399564,-0.8783219,2.8561225,-0.2756496,3.8167667,0.30784878,-0.2917916,-1.2435815,-0.09550043,-0.69749117,-1.3446547,0.15884088
7,-0.82627714,1.0009445,-3.8817823,0.20620444,-0.012382939,-1.4507712,1.3675694,1.2827778,0.8206907,2.2592742,-0.6382959,-0.21524233,-0.6559495,1.7461714,-2.881453,-2.8417854,-2.3960025,0.7596869,1.1220884,0.56917095,-1.0695949,3.0984926,-1.7924705,-0.522239,-0.23796187,0.78367513,-0.60630465,-0.17483197,-0.7985995,-2.5522945,0.574793,-2.5773652,-2.5429623,-2.3867316,0.33884513,1.7709824,4.641536,-1.6246653,0.9995747,-4.5508437,-0.12139416,0.2987469,-0.057758838,-0.4276189,-2.487298,2.3090053,-2.358078,2.1748931,-3.7816174,1.5858846,2.588476,-2.0796452,-5.8391747,1.1505773,1.8431778,1.6570432,-2.4064064,-2.127127,0.83372915,-1.8384376,1.471266,3.633339,-1.8449299,1.1100352,0.36468142,0.2592406,0.7336712,1.5287155,6.222552,0.95231134,-1.8046161,-1.1629972,-2.7532647,0.08205442,0.77042145,1.6349374,-0.2786857,-1.4197892,-0.6435147,-0.12740257,-1.3835937,-0.5653259,-0.7310324,-0.6442252,-1.1743988,0.61128944,-0.015022858,0.15319651,-2.7279797,-1.353262,-1.1267403,0.6617022,-2.2420204,-0.6734424,-1.6259223,0.64026153,1.0261364,-2.3039129,-1.4994555,0.8830649,-4.6628656,-0.9288973,3.3023553,-1.9449749,0.03250506,2.2176654,-1.4707938,-2.0946686,0.5054126,2.0881004,-1.664304,1.83882,1.3042208,2.441502,3.2651868,-1.4282568,-2.3154695,0.91174394,-0.53777176,2.266942,-0.11205674,6.308405,-2.3977098,-0.6551864,-1.5649463,-0.1227705,-1.8798329,-2.098791,-1.7664193,-2.451906,4.1393027,-1.8414243,-0.17924646,-2.3746285,-0.23141131,3.0043974,0.30429184,1.0836079,1.9602308,0.8132004,-3.573299,-0.13167335,0.7079632,0.97764564,-0.97740495,-0.23419668,4.327992,-0.7781535,-0.67974496,-3.9996884,1.1688089,2.2763314,3.3892486,2.7005718,-1.6011891,0.9450506,2.341644,0.94660574,0.11380871,-2.5430505,-0.6748993,0.6071431,1.448074,0.060261466,2.1548247,0.63201934,0.73158914,0.4210318,2.8827333,2.0192204,2.8319542,0.6471135,1.9660053,-0.8243968,0.84208846,2.041911,3.401982,-1.2619969,-0.93587095,-1.9230419,3.5874772,-0.5903594,-2.0267055,-0.4802186,0.65984404,5.0471373,-2.7657022,0.50943345,1.0331827,-2.9350507,2.6499364,-0.83529365,0.18375197,-1.8214097,1.3980755,0.62448066,1.4047447,0.15943512,0.14256944,0.31340766,2.035467,-1.2244025,-2.797157,0.27407932,-1.997952,-0.12968206,0.23033252,-1.3783923,-1.1492075,-1.526147,0.91603214,-0.45330766,2.9479709,0.8540537,0.62550473,-0.29029417,1.341911,-2.3498147,2.6894906,-2.1928809,1.5639344,-2.9812393,1.300159,2.7469034,-0.9112519,-0.8881692,3.767864,0.7562008,4.032027,1.8941828,-2.8462138,1.2636819,1.18935,0.345284,1.6942921,1.0013486,-1.6979185,0.7314463,-1.6852853,-1.4340645,-2.0321195,-0.988939,-0.40237194,0.45873275,-2.5864515,1.9009092,1.2408037,3.4735208,0.6561944,1.6515527,-0.11088681,4.7490706,1.6021036,0.4479118,-1.5480427,2.9581158,-1.9303143,0.30855516,0.6359231,-2.3840358,-0.42537203,-3.3303936,1.7962116,-0.6721321,1.9670377,1.3524356,1.8533535,-0.6090105,-1.7726545,0.33014098,1.0152321,-2.1119592,2.7414253,3.715405,-0.45264667,1.397303,-0.677899,-2.0097032,-0.73280054,-0.7621915,-1.6308461,-0.18004707,-2.166947,0.08484205,2.6415555,-1.9613111,1.1043614,-1.3114169,-1.1186435,0.26992846,4.125229,-0.55278766,5.1921926,-0.8608614,1.9178406,0.51069164,-1.2070086,-1.7354002,-0.6115073,0.18295944
8,-0.31715757,0.8789616,-4.4742913,2.987716,-0.25475502,0.16508666,0.35170048,0.58672637,-1.7725105,3.4835515,-1.8748051,-0.82313013,-0.03582216,2.2262468,-1.1526214,-0.7088809,-2.8775873,0.8634736,1.4827226,1.4742737,-1.6460425,4.174084,0.2631936,-0.15594316,-2.6962807,1.0087885,-2.9736083,1.8745111,-2.3734608,-0.97547007,-0.29924962,-0.24635717,-1.0026966,-2.7988997,0.86293834,1.9089504,5.009337,-2.2425816,3.062505,-5.6176853,-1.1434447,3.432363,1.825864,1.5865625,-2.124936,4.720029,-3.0308409,0.6298538,-2.5250309,2.1059825,0.19350314,-1.4707166,-2.3936658,2.624679,1.0137223,2.9226189,-0.7391661,0.35805193,1.1795075,-1.2696885,-0.49257544,4.6120963,-5.6181755,1.1579506,-2.0060642,1.2468064,-2.0587063,0.47832906,3.902227,2.4791715,0.23456074,-1.0902808,-1.8335075,1.3424507,-2.9788496,0.53966063,-2.149562,-2.959141,0.05866658,-0.7621972,-3.4804778,1.3377228,-0.724668,-0.94822,-1.0233749,0.4880213,0.06718479,1.7294148,-0.70544374,0.34544963,-2.895604,0.26614743,-1.5665182,-1.8082775,0.07992692,-2.0683782,2.1839812,-0.6704185,-0.7697538,0.4380312,-4.2092843,-0.008593479,3.0703347,-2.1893399,-0.5969022,-0.9783587,-0.76466215,-3.1643589,2.319602,3.050797,-3.1395764,3.6875057,1.6701136,5.2135854,0.34906864,1.8977915,-3.879016,2.9599237,2.2884476,3.7562437,1.0145113,5.8756404,-2.385176,-1.652393,-3.2745504,-3.7250533,-3.6520457,-1.9815036,-0.8360029,-0.24720645,3.3201776,-0.643609,1.7798998,-0.9379017,-1.0086919,1.3641181,1.61439,1.7315384,1.1886649,-0.003008335,-3.3748794,2.6189482,1.1863322,0.20063385,0.18517092,-2.0968187,3.088149,0.2879011,1.0634172,-2.6918046,2.309682,1.4194534,1.4030719,1.3878295,-0.3299992,-0.42143303,1.2993318,0.80070406,3.9281201,-2.5084047,0.739444,-0.99829316,1.6133006,2.8492942,1.5197601,-2.784206,-1.0589101,-1.9265656,1.5894508,1.8309464,4.1894717,0.5449305,1.4666092,1.1359118,-0.7147087,4.2231584,4.5899873,-0.56434,-2.749019,-2.8839927,3.407783,2.1374948,0.28153038,1.6210171,-0.23213416,4.957899,-1.1145135,0.27907845,2.7212226,-3.8746254,3.6605644,0.4965896,0.7131658,-1.4344249,-0.32855076,-0.2735838,5.58601,1.8266686,1.231239,1.9417559,2.5275633,3.5994637,-4.2099557,-2.4955182,-3.4426982,-0.88111275,-0.47129056,-3.1293068,-1.6269414,0.49525836,-1.88216,1.3947406,3.5794775,3.6925395,1.0650247,-0.87611055,0.51495916,-4.643224,2.016718,-2.0024025,0.30139667,-3.8105428,0.6324338,-0.3607108,-1.7708399,2.120667,6.4902673,1.5191073,3.8464916,2.9230025,-1.9829853,1.3265557,-1.1590961,-0.9947017,-0.2838997,-2.2268536,-0.117886536,-0.74282235,-3.0895786,-1.5255443,-3.844882,-1.3539028,0.25876588,-1.7110025,-3.3413124,0.62426364,1.5400543,1.2038649,2.4010441,-0.22483867,-3.4441812,2.3883028,2.890837,-0.57041377,-2.9533927,1.1512302,-1.4591436,-1.2775733,2.52501,-2.2616587,-1.0155545,-2.5320916,-0.85512084,-0.08484903,1.768983,0.3566234,2.1832702,-0.38495448,-0.055923715,-2.8644161,-3.111261,-2.3391988,-0.29296857,4.242886,-0.549415,1.3379213,-2.7108908,-1.299593,-1.1262934,-1.4375978,0.5586918,-2.7574146,-0.2518306,-0.63077253,2.308007,1.1796336,1.058726,-0.7152352,1.1155522,-2.3159354,1.9171709,-0.05323191,5.9071126,-0.06316548,-1.8338231,-0.16843665,1.3239741,-0.4779865,-1.0100082,-0.5093271
9,-1.757762074,-2.990204096,-2.857171297,0.270507246,1.618650794,-1.399554729,2.065301418,1.563619614,1.230987072,-0.279687732,-2.927943945,-0.093880549,-1.372067094,0.783676028,-0.007438026,-1.221578002,-1.242645979,-1.256349206,-1.945452213,0.94579339,0.502044618,1.047537804,0.464436173,0.397057295,0.215837434,2.731283903,-2.032653332,1.648066282,1.309436083,-1.577058315,-0.330785185,-0.44933179,-2.530624628,-2.375211716,-0.077739827,0.763977647,1.78635788,0.994783938,-0.115056626,-1.010041714,-3.764991045,1.016945243,-0.651239157,-3.162741899,-0.864987731,0.616861761,1.562626123,1.998420477,-2.399239063,0.125126645,0.438127518,-0.116295248,-3.658773184,0.88993144,2.777920008,0.828754842,-2.229031086,0.423145175,-2.329888582,-1.321425915,-1.039052248,3.517860889,1.105224609,3.045352459,0.444990873,0.427875191,-0.643965006,0.659819186,4.094190598,0.29838869,-2.275993824,-0.996552885,0.006477654,0.393707484,0.435595125,0.439371556,-3.28976655,-2.582110167,0.957578242,-0.406134486,-0.95757401,-2.311918259,-0.290350318,1.172198296,0.659351766,1.676740885,0.92650491,-0.536967874,-2.478684425,0.135564059,-1.544996142,-0.009096183,-0.276906878,-0.948157787,-0.636202455,-0.727996111,-0.6679039,-0.959940612,-0.206716925,0.415997565,-2.805194855,1.341157675,0.722504437,-0.266606808,0.090123221,-1.191963911,-3.101288795,-3.295215845,0.614055574,2.77146244,-1.84596169,1.418167353,2.337479591,2.786967278,0.499039978,0.432018489,-2.500130653,0.96226269,2.185272455,3.740947485,2.512143612,1.161584854,0.194576606,-0.797807038,-1.662405491,-0.814867139,-1.143918753,-0.170509398,-0.706250727,-0.023229104,1.309030652,-0.70071435,-0.353911281,0.392170072,-1.532396078,2.041967154,0.583597004,1.404629827,-0.36171025,-0.754872143,-1.433599353,1.81311202,1.70141542,2.638896704,0.970761657,-0.563125849,2.31553793,-2.068739891,-0.883874893,-1.884905338,-0.465068012,1.857619524,2.141746044,1.390953541,0.65324378,-0.505699098,1.900818467,1.397207022,-1.835675716,-4.972277641,1.651572585,3.799780607,1.205477118,0.728183091,2.235651016,-2.242957115,0.132156491,-1.023118973,1.284895778,0.168101043,2.951053143,2.442738056,2.699165106,-0.006291322,-0.550912023,2.086164951,1.565541029,-2.001899242,-0.080565661,-1.819632888,3.72923708,0.674887121,-1.442741513,-1.882647157,1.485403061,0.549780726,-2.21876955,1.308105707,2.207256079,-2.569277287,2.135057926,1.714230776,-1.747527838,-0.202793717,1.695731401,0.547775745,0.132808626,-0.045656681,1.227264404,0.639177918,-0.874387145,0.03897047,-2.220273018,1.072963238,2.071424723,0.519314766,0.554582179,-1.720025778,0.300834566,0.813305199,2.506830692,-0.834782183,1.459999442,2.720044374,0.159561202,0.287011445,3.540429115,-0.793881774,2.188470125,-0.749664187,3.87156105,-2.768928051,0.90726465,1.251179576,-2.770069838,-2.136149406,0.502926826,0.667566359,1.250868559,1.767374635,-1.267317057,0.411488444,1.915311575,1.126607895,-0.560820639,-0.326712757,-1.431019664,-0.222897202,-1.865513086,-2.519620419,-0.15054667,-2.3652246,-0.132364318,0.207324445,-1.921145678,-1.290122628,0.526133478,1.839090347,0.053549979,-2.054162025,-1.494220734,3.197686911,4.174192905,0.269328952,-1.960601687,-0.250307202,-1.23598063,0.114697635,0.205048278,-0.64187789,-3.720095158,-2.318058968,-0.511367917,-1.361734033,2.156465769,1.119573593,2.440117359,1.623564124,0.068854272,0.765590787,-0.28809908,0.106717177,0.093829766,3.349718571,-0.92639339,1.094942331,-2.293393612,-3.227335453,-2.59442234,0.689769864,0.118672848,0.055403888,-0.887245178,0.643880606,2.37770319,-0.615798175,2.902317524,-2.189315796,-1.011340022,-0.415256292,0.469667226,-0.765792727,1.894507766,0.69150126,3.097693682,-0.460112035,-2.184340477,-2.108097553,-0.121504657,-0.523866415
10,-1.650098562,-2.163198709,-2.188088179,0.047981132,0.114040717,-1.29109478,1.810420275,1.191249609,0.826223791,0.297165781,-2.844094753,-0.068940833,-1.261469007,0.806905925,-1.395407319,-1.207931042,-2.226919889,-1.709078431,-1.476035595,1.025017262,0.318412602,1.024715424,0.25864023,0.633340359,0.792742491,2.882320642,-3.450659752,1.719958425,1.337864518,-1.388311625,-0.758237839,0.289852917,-2.333181858,-1.931295633,-0.218913198,0.70270884,1.634063721,1.926043272,0.002693065,-0.845166683,-2.828644514,0.977499962,0.124591783,-1.522433043,-1.717668295,1.27720058,-0.034049369,1.387555718,-2.591701984,-0.205233693,1.403254986,-0.154963359,-4.8642416,0.841396868,3.318541288,0.97104758,-2.305261612,0.183866024,-1.398806691,-1.879593492,-0.575820565,4.577866554,1.478306055,2.377040625,0.404212564,-1.403186083,-0.695910513,0.743901432,4.691351414,0.129784361,-2.137327671,-0.940851271,-0.14294453,0.109678552,0.860294044,-0.214844704,-1.905290961,-3.502746582,0.453011543,-0.383982033,-0.715116262,-2.639235258,-1.499010205,1.058731318,1.545753002,0.950260103,0.959840953,0.345048845,-2.60421896,-0.367641062,-1.555008173,-0.751772463,-0.647906363,-1.642124891,-0.879771948,-0.925162554,-0.480796188,-1.280965447,0.448118448,0.009244099,-3.223638296,0.761334419,0.421312869,-0.573393226,-0.236000955,0.170849293,-2.776770115,-3.362303495,0.965120733,2.841468096,-2.330326796,1.204505563,3.056315422,2.647064447,1.781229377,0.243672162,-2.015532732,1.575681329,1.38195014,3.992849827,2.821471453,1.6449368,-0.098079875,-0.112246983,-1.551343083,-0.934094846,-0.397592485,-1.621962667,-0.818207324,-0.403706789,1.406969666,-0.134535372,-0.729123771,0.505575716,-0.802529156,4.34187603,0.372851372,0.466610372,0.182639301,-0.503508031,-2.550208092,0.924278438,1.296269894,2.732331514,0.792283893,-0.560218751,2.952777386,-0.757847309,-1.567582488,-1.751655102,-0.097652651,1.326842427,2.590256929,2.014119148,0.392618656,-0.973572433,1.883534551,0.907282412,-1.144102573,-5.250450134,0.578028142,3.352249146,1.808741093,0.096455835,1.898537159,-1.567896008,0.221096158,-2.236815214,1.816899538,-0.061080929,3.315502167,2.95556736,2.879330158,0.592303872,-0.242782563,1.539589524,1.840607762,-2.549232721,-0.524547219,-1.553560376,5.161026001,0.268502831,-1.314361334,-1.749863029,1.092042208,1.499902964,-2.899892092,1.955959439,1.80700171,-3.213001966,3.165474176,1.838367224,-1.607923746,-1.060303569,2.374542475,0.999617934,1.18075788,-0.697433591,2.446062088,0.108363897,-0.107794642,-1.161943913,-2.887203693,1.611916542,-0.169037893,-0.234153986,0.845029294,-1.615703225,-0.286272824,0.362246126,3.745954514,-0.677398086,2.418614864,2.762624025,0.790241301,-0.253644586,4.159618855,-1.644009233,1.839364648,-1.233275414,2.940534592,-2.550280571,1.730533957,2.390389919,-3.25849843,-2.959055901,1.415650487,1.903255939,0.757478952,2.15246129,-0.6936602,1.65679872,2.565254927,0.863954484,0.641165316,-0.781692386,-1.961013436,-1.504865646,-2.262857199,-2.422546625,-0.811973333,-2.353389263,-0.592045784,1.001797318,-0.902392387,-0.310736239,1.224866152,2.431823015,0.369467854,-2.469018698,-1.644379497,3.269243479,4.510711193,0.563222468,-2.368394136,1.392504573,-2.573303938,0.704240918,0.230326533,-0.455204308,-3.681145668,-2.283559561,-0.609533489,-1.025376081,1.46649313,0.921504796,3.18215394,0.58079499,1.455388188,0.345050246,-0.202828437,-0.064587928,0.390303373,3.33621645,-1.266398191,1.771291852,-3.203496456,-3.703225136,-2.736174107,0.73382014,-1.494346619,-0.280432165,-1.080350518,1.221589684,2.463521481,0.320356548,2.828702688,-1.495776772,-1.445915699,-1.652761936,1.483977079,-1.439267755,2.394880772,0.708028793,3.473389387,0.127626508,-2.933635235,-2.710680962,0.846525729,-1.576524019
11,-2.016134024,-3.423038006,-2.248184919,-0.830153763,0.925700009,-0.640083671,1.744241595,2.238138914,1.205069304,0.748502314,-2.162925005,-1.113788247,-1.352971911,0.382448614,-1.036630988,-1.264029145,-0.954842687,-2.270454407,-1.441957951,1.788488626,1.076982975,1.838759065,-0.160796255,0.586991668,0.853204608,2.534792185,-2.46683073,1.39633131,1.587668657,-1.492431998,-0.300928861,0.575878859,-2.776631117,-2.183185577,-1.039219618,0.499269694,1.496769428,1.549065828,-0.427809089,-1.690066814,-3.288448334,1.159319997,-0.967621684,-2.888599873,-2.247098207,0.831817448,1.675055027,2.151082039,-2.951672554,0.918790579,1.607453585,-0.374339074,-3.08991313,0.265248775,3.088524103,0.401636481,-3.143455505,-0.510998607,-0.754476905,-1.747069955,-0.406977177,4.022743702,2.198753119,1.24942255,0.302637607,-0.483110696,-0.741539776,0.20623228,4.497189522,-0.357632637,-2.518329859,-1.145496845,0.392238855,-0.62081027,1.180965304,0.872552633,-1.178535104,-3.425548792,0.354745418,-1.174676657,0.182948187,-2.737059355,-1.405039787,1.467986584,0.723355234,1.135360718,1.168812513,-0.410909355,-2.633774519,0.536247969,-0.50525856,-0.440263182,-1.004409552,-1.528714299,-0.095745377,-0.400560886,-0.924778342,-0.982976198,0.261541724,-0.547895014,-3.213620186,0.536539316,1.063684106,-0.030725509,-0.291292846,0.812012196,-2.930775166,-2.952186823,-0.357194602,2.209629059,-1.765017986,1.523933053,2.067791462,2.11322546,2.379439116,-0.42733112,-2.452319384,1.162971377,2.054374695,2.832278967,2.008013487,1.066241384,-0.978391826,-0.198917031,-0.689773321,0.357822955,0.596823394,-1.363077402,-1.521036863,-0.600752413,1.465901732,-0.753634155,-0.973682463,0.668089569,-1.230270624,3.172194004,0.602447748,0.524129868,-0.939173043,-0.04557652,-1.689077973,0.674596727,2.110207081,3.174945831,0.894373655,-0.261954129,3.094307423,-0.722210228,-1.837557316,-1.675370693,-0.234832913,0.769025028,2.385631323,1.2003479,1.876594305,-0.628561914,1.462372661,0.843663096,-1.669499874,-5.210487843,1.055621266,4.094609737,1.631783962,0.228964388,1.525363088,-1.625783205,0.393527776,-1.235983372,2.456326485,0.805286705,3.656869173,2.279026031,2.429922581,-0.386199892,-0.56981051,1.559954882,1.38561511,-2.440581799,0.762544394,-0.997203588,4.359359264,-0.403332859,-1.518842697,-1.577928782,1.30691433,1.977382898,-3.182015419,1.147252083,2.11354208,-3.254242182,1.810267568,1.221656799,-1.218536973,-1.224986792,2.406377316,1.219932675,0.0951901,0.936064601,1.542078495,0.814756215,-0.604794145,-1.198185682,-2.045513868,0.390302807,0.784579873,-0.05583296,1.603475451,-1.660228372,0.624946594,0.828182399,3.401012421,-1.090879798,2.51527524,2.340928793,-0.075824223,0.069955528,3.623358965,-0.242103517,1.657039762,0.006242752,3.311597824,-2.625032425,2.078305721,2.405490637,-2.980983734,-3.101630211,0.048568279,1.248846173,0.522046089,1.42973423,-1.054987073,0.653709471,2.505505323,1.510073781,0.364014626,0.339022934,-1.662787437,-1.058215737,-2.472583771,-2.010916233,-1.197219372,-2.595308304,-0.671499789,1.696614623,-1.776021004,-0.033564866,0.519022465,3.591408491,0.307848692,-2.992928743,-1.096317887,3.598029375,4.418823242,0.687830746,-1.68080318,-0.337026477,-1.029172778,0.464924157,0.115753144,0.074554846,-3.004488468,-3.072081804,0.061026573,-2.190998077,1.487264395,1.049858809,2.273561478,0.944491088,0.746016443,1.813831091,0.902449906,-0.477239847,0.366624087,1.975665927,-1.232777715,1.553923011,-2.962949753,-1.909788132,-2.067903042,0.282470435,-1.156264544,0.56782341,-1.020383239,1.443575859,3.288025618,-0.689573586,2.354757309,-2.573867798,-0.755105734,-0.682478607,1.884187222,-1.327924132,1.742090821,1.432366848,2.856171131,-0.620964348,-2.30934453,-2.374468327,0.449309289,-1.294686556
12,-3.328233242,-1.652478695,-3.728052378,-1.341317177,0.446582437,-1.949772477,1.120301604,0.905371845,2.561600447,0.783574462,-0.929151237,-0.371409297,-1.068096995,0.129361719,-2.228186607,-1.313405871,-2.829559088,-1.790142298,-0.174925208,1.242534637,-0.152840272,2.458695412,-0.81618768,1.058292627,0.158833817,2.006991148,-1.704801559,0.97788924,2.175490856,-1.885003924,0.164464459,0.991379917,-3.063928843,-1.426042795,-1.000970602,1.811196327,3.564520359,0.983158052,0.561531723,-3.616170406,-2.042074919,0.405272335,-1.27852869,-1.759440422,-3.043988943,1.588122964,-0.345830381,2.477242231,-1.817603588,0.060665399,2.547453165,-1.592529058,-3.928048372,-0.30957514,3.835578203,1.293683529,-1.385663986,-1.352130055,-0.969210804,-1.233990073,-0.305608213,4.207060814,0.347091824,1.466725588,-0.153700143,-0.47228384,-0.709930778,0.632960498,5.925294399,0.583158791,-2.590354204,-0.017628912,-0.934694767,-0.211730361,1.110120177,1.26631403,-0.897609293,-3.652988672,1.092618823,0.882421672,-0.808357239,-1.698728085,-2.026082039,0.795700669,1.239451528,1.778284073,-0.031689703,-0.280999571,-2.295763254,-0.401495457,-0.22466886,-0.684545159,-0.037030265,-1.967384577,-1.756288052,-0.883040845,-0.374513716,0.023671202,-0.110820234,0.179773405,-3.002257824,1.276119232,0.798055947,-1.881181002,-1.208806753,-0.471541882,-1.919602394,-3.292038918,-0.605264843,3.866340637,-2.530461311,0.336803734,2.371823549,2.802714586,2.146542311,-1.617124796,-2.444442272,0.863120258,1.326334357,3.041166782,1.26048553,1.898625731,-1.001042008,-0.679333329,-0.049731255,-1.001005173,0.764851749,-2.248401642,-0.264339238,-1.250562668,3.82661891,-1.024955273,-2.714601278,1.102321148,-1.795966148,3.845032215,1.436101556,0.891922116,1.426784754,-0.371236742,-2.77349329,-0.614516973,1.869537473,2.063288212,1.274034619,-0.984933376,4.957199097,-0.636720598,-0.180100843,-1.343532085,0.052971922,0.839845836,2.013997793,1.967766762,1.631410837,-0.22716178,2.854279757,0.79743582,-1.151648045,-4.227049828,-0.129318431,2.470609426,2.175442934,-0.353768706,2.636300564,-1.015400052,0.700549424,-1.134959936,3.384915829,0.791005075,3.174184322,2.304819345,1.827247381,-0.582811832,0.082471795,1.340556502,1.245691895,-2.8758533,-1.117592931,-1.750351071,3.899868727,-0.300907731,-0.976944089,-2.378752708,1.232350826,3.464775801,-2.678455591,2.068747759,2.789048433,-3.327681303,2.97735095,0.895521462,-0.910795927,-1.048022151,1.291523814,1.721241832,1.944167972,0.394046068,1.481303692,0.813133776,-1.068580151,-0.289625078,-3.215008497,-0.13841562,-1.343058109,0.198691785,0.663268507,-2.358883619,-1.782883048,1.165565968,2.889945269,0.102821961,2.983249664,0.457100868,-0.252314389,0.23392421,3.086319447,-2.878163099,3.695928812,0.06556794,2.731285334,-2.799609661,2.07676959,2.451732397,-1.879992366,-3.641007423,2.02197814,1.056689143,-0.035130799,3.352128744,-0.910631418,1.715468287,2.399541855,1.386365294,1.05297327,-1.211034298,-0.94419539,-1.885676742,-2.893831015,-1.978230119,-1.998959303,-1.044047832,-1.156999469,1.03390801,-1.074788809,-0.288042128,0.550612092,3.42032218,0.854210317,-1.911671877,-1.391223788,4.781297684,4.797968864,1.51279676,-2.041087151,1.289476275,-3.818755865,1.206668854,1.222580433,-0.302188694,-1.673286676,-2.835863113,-0.431099862,-2.035236835,1.558832288,2.783080101,2.396488905,1.680045366,2.229343176,2.04422307,0.909775198,-0.578504562,0.31612277,3.985648155,-1.027409315,2.024002075,-2.042274475,-2.198114395,0.051962622,-0.342485696,-2.151744127,-1.267109871,-1.319946527,1.783795834,2.966751099,-1.061854601,1.839099646,-2.270643711,-1.756697655,-1.740010738,1.408317208,0.945378065,2.286278725,0.747974515,3.191421986,-1.711743951,-0.244026572,-2.097148895,0.538905501,-2.468723536
13,-2.105182171,-1.006541252,-3.876959562,2.030277729,0.454313934,-0.431449771,3.384186268,-0.513613939,-0.401774228,0.223723784,-2.74232173,-1.477924466,-1.878639221,1.841484785,-0.93719399,-1.034161091,-3.581758499,-0.569824517,0.23002404,1.825532198,-0.623821139,3.340671539,-0.730211735,0.996008098,-1.985036254,1.638745904,-2.010426044,2.408980846,-0.056063935,-1.182286501,0.238895416,-1.034974217,-1.682904601,-1.719297528,0.467881203,0.631857038,4.619891167,-0.73885864,1.554064512,-2.094993114,-0.81259656,2.425299883,-0.949302018,-0.603100181,-1.119819403,2.644046783,-0.439973652,2.17888093,-2.401949644,2.192968369,-0.654495656,-0.382742196,-4.744820595,0.985965014,2.20874095,1.054567337,0.744310498,-1.146346092,-0.581780195,-0.044812381,0.25196445,5.514074802,-2.266526699,1.758126497,-0.900811374,0.950069964,-1.905604005,1.177628517,4.273516178,2.242943764,-0.635133505,-0.81228888,-1.728759527,2.470126867,-0.595745504,0.960639715,-2.017096996,-1.013898134,1.286567688,-0.241174445,-3.078047991,0.511072218,-0.993026376,0.005126953,-1.305279136,0.345082223,-0.7997666,0.912260354,-0.763101578,-1.032787085,-3.366479874,-0.036486678,-0.570539892,-0.986768126,-0.864822149,-0.300142556,-0.007829949,-2.305328369,-1.04069829,-0.458100855,-2.937071085,0.073624723,1.831566095,-2.988277674,-0.880340576,-1.977943778,0.696015716,-3.441756248,1.277613521,3.618694782,-2.556632519,3.035036564,1.621578813,3.278861761,0.827498913,0.724337876,-3.355781078,1.1348418,0.703756988,3.479376316,2.804200411,4.374558449,-1.915062308,-0.796134055,-1.659962535,-3.213523865,-3.50301671,0.693086505,0.088157475,0.222666502,1.460602641,-0.663347006,0.005098142,0.280915022,-2.749444962,2.57854104,0.829958797,2.107813835,1.733991861,0.034901608,-3.308168411,1.299461484,1.267422795,0.22152783,0.570888221,-1.550982594,3.726438046,-1.301502109,0.440721422,-2.230663776,0.104291819,2.419827938,1.722583652,2.356054544,-1.274092436,-0.829226792,2.235646248,1.531991243,0.670645118,-3.391711712,-0.432305247,0.570643961,0.896965086,2.024777889,2.31319499,-2.776152849,0.549206793,-1.850704432,0.224971741,0.588354349,3.22426796,2.480972767,2.648670673,1.287550807,-1.540918708,1.446542144,2.297679424,-2.628820896,-2.255343199,-2.987003326,3.873593092,1.863722444,1.354134202,1.595914721,-0.94918704,4.583848953,-3.821810484,1.188165665,2.151563168,-3.491378546,3.645084381,0.957928419,0.283961177,-0.51157093,1.01993382,0.925995886,4.053416729,0.917218685,2.090827942,1.306451559,1.422572494,1.111004591,-3.714081526,1.148223877,-2.801124573,0.373107702,0.427069277,-3.335564375,-1.643946886,-0.220068693,0.825905621,-0.233773455,3.239921093,3.201934338,0.375302285,-0.908610046,3.475901604,-4.384897232,1.854480267,-1.05362618,-0.398056984,-3.169126987,1.22843349,0.193988979,-1.567853928,-1.718049645,4.355853081,1.213599801,2.558393955,2.738811493,-0.095609441,3.513182878,-0.311456501,2.303763866,0.388489991,-4.447982788,0.476174295,-1.376558065,-4.758119106,-2.885786772,-3.00840807,-0.448102891,-0.299484193,-1.008659363,-3.008572578,0.437782675,1.761864185,3.352334976,1.881938934,-2.793344259,-1.259077668,2.406585693,3.505183935,0.277143359,-1.966555238,1.92918098,-1.831382155,0.146511257,2.086490631,-0.871322036,-0.877509654,-1.422748327,-1.041555643,0.274949849,3.241612196,2.628991127,2.322617769,0.832314551,1.741852283,0.149599522,-1.631919146,-1.241811514,0.540840924,4.501180172,-0.964621663,2.317347765,-3.030070782,-2.304507017,-2.724786997,-0.969250262,0.06378977,-1.721791267,-1.257691026,0.804284334,2.125677347,0.687507033,1.271016717,-2.529079199,0.28511548,-3.162897348,1.965529442,-0.606799126,4.872098923,2.040037155,-0.790026844,-0.622600794,0.035321124,-1.144919515,-0.405438453,0.948414624
14,-1.314430714,-2.264586449,-2.668502092,1.454898477,0.029197201,-1.026870489,3.373174191,1.435617924,1.774984598,-0.233365908,-2.434039831,-0.206203282,-1.68741107,0.475888878,0.021137632,-1.124294281,-2.195973396,-1.273260713,-0.713661551,1.719351768,-0.525487661,2.819114208,-0.153017968,-0.062783979,0.050365288,2.378531933,-2.204232693,1.307561636,0.756067276,-1.028039217,-0.574549854,-1.017829418,-2.032910585,-2.711594105,-0.926641345,0.359170139,4.382239819,-0.388856053,1.575076818,-3.008847237,-2.494668245,2.278954506,-0.043495759,-1.665344477,-2.99286294,-0.089281037,0.468755424,1.583398223,-3.490706682,-0.34404555,1.040416241,0.053333595,-4.624815464,-0.572650492,3.257871628,0.497281969,-1.084530711,1.138392329,-0.276448727,-1.133105516,-0.149554223,4.238484383,-0.446147114,2.267955303,0.27177158,-0.243501276,-2.596470594,0.872051537,4.387219429,0.364193827,-2.649865866,-1.24034667,-1.737674952,-0.020603597,0.512005866,1.037719488,-1.448101401,-3.247893333,0.671513975,-1.3541677,-2.617248058,-1.252183676,-1.102208734,0.837465167,0.641933739,1.385163426,1.656651855,0.22809273,-1.396708965,-0.647812188,-2.120005131,-0.300145864,0.448544741,-1.424219251,-1.235035658,-1.278930426,-0.434015363,-0.686304927,0.476475775,-1.05560112,-3.561723232,0.132913634,1.080092072,-1.91305089,-0.311490297,-0.38228631,-2.860960007,-3.342744112,0.238013819,3.450407505,-2.316165447,1.823775291,2.539035559,3.076048613,0.955169916,0.267625004,-3.085414171,1.198578477,1.547350526,3.104733706,2.210254669,2.444851875,0.120971158,-0.13780129,-2.114817381,-1.560791254,-1.419610381,-1.835817933,-1.681588531,0.489896595,1.129230142,-0.855878592,-0.369896114,-0.40506357,-1.657940388,2.128068924,0.742046356,0.095389932,0.176579207,0.2674793,-2.656818867,1.178251028,1.892425656,2.02964735,0.789488375,-1.667503119,3.411405087,-1.344347119,-0.936839044,-2.761308908,-0.636716127,-0.013087772,3.392892122,1.491134644,0.56016463,-0.967467666,2.941395283,0.996149838,-0.570331097,-3.902961493,2.235109329,3.00058794,1.269932032,0.983210385,1.983249903,-3.507725239,-0.217641905,-1.351262093,1.048976183,0.245412976,3.256610394,2.903069496,2.037059546,0.479970306,-0.513024151,1.998843908,2.942989349,-2.63317132,-1.039851189,-2.487020016,4.86736393,1.387692809,-0.903234541,-1.240087986,1.170077085,2.054931879,-2.314356327,0.786299527,2.878619909,-2.897513151,2.510873795,0.381540179,-1.9201653,0.823506773,0.691383719,0.500454545,0.903716743,1.406386137,1.049824834,1.956742048,-1.714507222,-0.248715803,-1.56512475,0.989961028,-1.157032251,-0.223718911,2.093965292,-2.872052431,-1.059519291,0.474374741,2.484787703,-0.795557082,2.839446306,2.72142911,0.024079317,0.103025466,3.736074209,-1.1761415,2.245056152,-0.791263223,2.477604151,-2.676701546,0.714983761,1.556604385,-3.436098337,-1.270829082,3.969765902,1.075679898,1.383689642,2.830498934,-1.678934336,0.304196239,1.569049239,0.868317306,0.563140154,-1.119942307,-1.104917407,-0.684154928,-2.329118967,-2.623715162,-1.144605398,-1.519377232,0.231258616,0.366710633,-0.935890198,-0.699013114,0.470437288,2.747882843,1.395305037,-2.235994577,-2.067381382,3.907635927,4.574710369,-0.089832157,-1.072345257,0.227578387,-2.616824389,-0.407238543,0.375461459,-0.996772528,-3.163118839,-1.319605827,-0.500228643,0.372788727,1.76843369,1.04272449,3.717042208,1.356204867,1.284820795,1.149701238,-0.258882016,-0.731067717,1.072937369,3.474437714,-1.516495824,1.168222189,-0.943990827,-2.983059168,-1.249131203,-0.924181342,0.915205956,-0.772972226,-1.279889464,1.174631119,3.272857904,0.50197506,0.782460451,-1.224625468,0.097480282,-1.6985811,0.393669099,-1.427539945,2.909225941,0.548052788,1.486954212,-1.298724294,-2.176287651,-2.200619221,0.611694336,-1.127872825
